 Imunizações - Doses Aplicadas - Brasil;;;;;;;;;;;;;;;;;;;;;;;;;;;;;;;;;;;;;;;;;;;;;;;;;;;;;;;;;;;;;;;;;;;;;;;;;;;;;;;;;;;;;;;;;;;;;;;;;;;;;;;;;;;;;;;;;;;;;;;;;;;;;;;;;;;;;;;;;;;;;;;;;;;;;;;;;;;;;;;;;;;;;;;;;;;;;;;;
Doses aplicadas por Unidade da Federação e Ano/mês;;;;;;;;;;;;;;;;;;;;;;;;;;;;;;;;;;;;;;;;;;;;;;;;;;;;;;;;;;;;;;;;;;;;;;;;;;;;;;;;;;;;;;;;;;;;;;;;;;;;;;;;;;;;;;;;;;;;;;;;;;;;;;;;;;;;;;;;;;;;;;;;;;;;;;;;;;;;;;;;;;;;;;;;;;;;;;;;
Período:1998-2018;;;;;;;;;;;;;;;;;;;;;;;;;;;;;;;;;;;;;;;;;;;;;;;;;;;;;;;;;;;;;;;;;;;;;;;;;;;;;;;;;;;;;;;;;;;;;;;;;;;;;;;;;;;;;;;;;;;;;;;;;;;;;;;;;;;;;;;;;;;;;;;;;;;;;;;;;;;;;;;;;;;;;;;;;;;;;;;;
Unidade da Federação;2004/Jan;2004/Fev;2004/Mar;2004/Abr;2004/Mai;2004/Jun;2004/Jul;2004/Ago;2004/Set;2004/Out;2004/Nov;2004/Dez;2005/Jan;2005/Fev;2005/Mar;2005/Abr;2005/Mai;2005/Jun;2005/Jul;2005/Ago;2005/Set;2005/Out;2005/Nov;2005/Dez;2006/Jan;2006/Fev;2006/Mar;2006/Abr;2006/Mai;2006/Jun;2006/Jul;2006/Ago;2006/Set;2006/Out;2006/Nov;2006/Dez;2007/Jan;2007/Fev;2007/Mar;2007/Abr;2007/Mai;2007/Jun;2007/Jul;2007/Ago;2007/Set;2007/Out;2007/Nov;2007/Dez;2008/Jan;2008/Fev;2008/Mar;2008/Abr;2008/Mai;2008/Jun;2008/Jul;2008/Ago;2008/Set;2008/Out;2008/Nov;2008/Dez;2009/Jan;2009/Fev;2009/Mar;2009/Abr;2009/Mai;2009/Jun;2009/Jul;2009/Ago;2009/Set;2009/Out;2009/Nov;2009/Dez;2010/Jan;2010/Fev;2010/Mar;2010/Abr;2010/Mai;2010/Jun;2010/Jul;2010/Ago;2010/Set;2010/Out;2010/Nov;2010/Dez;2011/Jan;2011/Fev;2011/Mar;2011/Abr;2011/Mai;2011/Jun;2011/Jul;2011/Ago;2011/Set;2011/Out;2011/Nov;2011/Dez;2012/Jan;2012/Fev;2012/Mar;2012/Abr;2012/Mai;2012/Jun;2012/Jul;2012/Ago;2012/Set;2012/Out;2012/Nov;2012/Dez;2013/Jan;2013/Fev;2013/Mar;2013/Abr;2013/Mai;2013/Jun;2013/Jul;2013/Ago;2013/Set;2013/Out;2013/Nov;2013/Dez;2014/Jan;2014/Fev;2014/Mar;2014/Abr;2014/Mai;2014/Jun;2014/Jul;2014/Ago;2014/Set;2014/Out;2014/Nov;2014/Dez;2015/Jan;2015/Fev;2015/Mar;2015/Abr;2015/Mai;2015/Jun;2015/Jul;2015/Ago;2015/Set;2015/Out;2015/Nov;2015/Dez;2016/Jan;2016/Fev;2016/Mar;2016/Abr;2016/Mai;2016/Jun;2016/Jul;2016/Ago;2016/Set;2016/Out;2016/Nov;2016/Dez;2017/Jan;2017/Fev;2017/Mar;2017/Abr;2017/Mai;2017/Jun;2017/Jul;2017/Ago;2017/Set;2017/Out;2017/Nov;2017/Dez;2018/Jan;2018/Fev;2018/Mar;2018/Abr;2018/Mai;2018/Jun;2018/Jul;Total
11 Rondônia;70469;58673;74735;173554;108442;266146;77403;418431;95413;71183;71380;58923;71353;66938;78023;150088;122789;288962;90443;282363;94169;77785;76556;63571;61978;50048;70896;137398;96968;253801;70337;254020;65250;62451;61959;53349;63599;60414;75359;150396;103496;252160;63747;231120;55740;67496;64001;28237;178932;95359;73193;163535;86012;235824;93365;785330;90069;68268;60769;63348;81462;69572;88826;185630;111815;245525;88113;92833;241433;82746;80654;68863;62624;58800;79042;169658;91309;225175;78529;227038;69962;70735;77844;74815;78515;81401;83531;88499;95261;94141;89306;107227;95390;79671;82102;71245;111766;107514;107256;96629;120444;113021;105481;140857;93583;96108;96021;81354;114826;95801;102287;131389;150535;213139;350186;209627;173516;109903;104121;100031;120988;116802;155561;128543;134973;105209;125068;121245;144626;135200;179016;207750;117313;109723;146547;123278;142615;132828;124646;199933;137828;117364;117119;95878;157755;123435;144499;153958;138067;143208;125901;132017;252294;121843;111273;102738;157133;152960;178534;159281;160071;119267;105058;121914;164662;126247;108959;88021;137945;89628;107315;111705;116877;88029;36771;21628121
12 Acre;35220;35120;38235;79230;41688;164636;34289;223585;50676;37732;51914;49712;43311;37038;46152;86691;66136;175472;48709;171829;50866;41578;45275;51722;33669;28387;31547;73388;38833;147579;39519;129566;46817;32043;32656;35938;32011;36426;39038;79433;42524;154543;40363;146359;67540;69811;58497;41853;75967;47823;42638;83750;55741;162863;46589;392150;74149;41209;42827;35839;45910;49354;52796;105043;67715;170161;56574;56432;170458;50624;51159;48183;35054;38491;49855;91068;54318;146752;38928;143586;37490;36786;42920;45089;52875;54573;63567;60827;69946;80868;60606;69039;60872;53615;58393;43455;57312;57577;60153;67748;72718;79296;62249;73564;52138;60492;54057;32656;61653;53606;60605;86401;130462;171824;76881;100794;61247;54030;56262;52126;55834;56574;64197;71343;56816;54318;48796;57467;53737;40072;62381;81388;49316;53297;72827;71043;86307;61484;45147;127297;51397;51851;47390;37514;67687;59542;60426;65555;72878;56545;50620;52850;134207;51824;54763;44339;64645;60539;78971;60872;74148;60273;54526;63508;120435;62742;62337;52441;63927;53272;58904;58580;55683;40108;3200;11774074
13 Amazonas;164163;159214;157046;352367;201952;573079;165989;810581;196313;154140;159614;165523;166529;161538;185286;334860;236966;665383;219977;645700;225133;190634;201934;184275;169975;151254;182510;323289;220685;586915;183507;576393;178787;168781;193511;177230;195740;184897;196664;345895;249133;623379;210871;588353;175987;218250;180723;168294;362598;223540;195949;382469;241685;613409;209090;1709946;223520;180388;174280;164874;191976;201785;218844;421691;297448;632897;247737;263743;613968;213522;220290;191447;166464;161654;213715;377209;228355;558016;169788;573615;187582;171534;188006;173725;196916;205619;200936;224945;273863;244462;224083;245690;222663;210238;205894;182915;262238;257342;291944;274236;333389;304439;271908;366230;273958;283214;243267;236725;278473;291155;341327;331847;332399;698682;699993;464782;456799;362610;323840;281366;294985;341325;328883;375229;403973;283044;294873;335261;351956;316625;347088;475880;290210;323037;404269;345139;402084;344143;305555;561799;318142;302669;282061;232036;311009;247838;294326;282575;318821;283867;264213;388309;678895;272126;274523;218596;399804;317392;466404;337777;412913;307456;318807;346462;591596;321023;323088;254921;383083;296041;459783;532862;423891;361622;453220;54999874
14 Roraima;22965;37301;31439;44049;42551;90807;28952;118093;46327;30921;31187;19696;32274;38630;38458;51725;44516;119197;38093;112385;33744;41007;34431;39427;35232;28908;33953;50288;43983;96871;29846;92324;29534;23765;24691;31968;31364;24804;28875;56600;37373;121290;32840;97531;33140;30840;30247;30606;60897;54141;38518;47611;41415;98733;37541;100206;152362;25861;22799;22486;29784;34119;33524;56421;49598;93387;36476;37891;88250;34582;30659;26025;28580;24336;27300;51808;34476;78697;28642;79031;33134;29123;26266;25654;28289;31316;30902;34412;35454;32734;40611;31686;30358;34426;28219;31615;36298;41505;40901;38468;9111;42875;42146;47628;41908;30378;30901;34821;44322;47049;43791;41846;71342;101109;87618;35413;47786;36453;14130;49515;45028;51961;60549;52491;47210;47423;44766;47263;68536;38190;38373;71129;35631;63860;73504;53127;52258;53140;46565;82581;51802;51286;48282;46929;51282;56047;62766;54101;55631;55846;55612;58465;85829;57875;55911;40929;70820;87220;102241;76478;70209;50508;59995;67544;60389;69491;53566;37003;51827;51332;112322;90575;69276;55105;65256;8676052
15 Pará;332251;350895;351093;902667;446219;1854094;357015;2548559;480044;336037;397739;314854;328359;334019;370954;847781;496664;1839432;394124;1783127;429223;383984;415831;356072;313921;289502;295892;727876;359722;1539877;332516;1357708;510109;305385;349145;305445;304935;298171;327794;759714;403847;1466454;349376;1392726;433193;337690;340281;305260;539062;410146;348803;772385;385744;1449405;354966;1314394;2793457;295497;365440;291755;391656;409000;420280;907234;442658;1309384;418676;414797;1413511;446209;408887;358327;283981;298224;345633;752225;328776;1128337;340574;1183000;332758;293336;314787;295445;298736;338980;352575;406099;463237;501808;423932;540867;440639;398652;393192;358393;469750;465245;502238;491465;525936;578768;512095;657195;523181;454097;482924;406171;518153;500047;523136;602375;856918;1309645;1090280;772704;760346;529657;517553;444702;582638;577627;703400;532564;482364;425308;432738;464327;545626;464144;555398;814421;475368;421302;569719;479944;464443;428878;380771;771726;368715;355741;354226;248788;495984;422854;437929;447135;439654;446320;377280;469604;952352;352139;396100;306535;604637;487210;739782;513014;545644;450717;423245;529644;860520;494783;437816;339186;557436;382215;440657;404728;337406;249153;102875;98372746
16 Amapá;34957;23880;37991;60641;32590;120336;35692;179567;45697;32040;31891;27717;29699;29150;31050;59439;36165;138919;32413;125938;43408;33898;36094;26534;27870;23126;33347;51280;38595;115449;28073;113986;27951;28308;25121;20827;30516;26509;32304;57878;31379;119574;27784;110374;31391;27151;32516;25473;74862;50568;42231;67252;39239;120126;33961;310791;37957;30558;27774;24093;39792;32267;46335;74176;49739;132044;38766;34602;149821;36699;38533;28238;30336;27786;38187;61051;39200;119081;28707;110083;40434;32233;37768;25012;36346;37710;36177;37403;50231;41423;34978;49985;42474;37735;39738;31526;47947;43846;50892;51582;62498;59560;52587;76160;43802;45894;42209;21863;55965;45398;48288;59055;72642;123303;128222;88070;67825;45546;45142;39194;57495;53765;69906;60572;53759;44379;48872;54129;61669;60104;50660;96195;59139;48501;64167;53835;61421;48763;53210;100979;58842;53106;53101;45131;74116;68012;75771;64818;65636;58943;57773;73060;121737;54851;53061;47853;55604;53439;69370;58777;59241;49437;49955;63300;131382;60310;58831;47740;67823;53219;57407;54713;49071;38576;3140;9724672
17 Tocantins;78612;71828;79748;199212;78249;243941;63696;432142;73020;87596;102087;83439;84658;74993;95332;187048;100406;253243;73432;279499;72752;78487;85322;81430;67888;58901;72295;149899;78316;233088;59971;228612;57878;63834;68649;53871;68192;58453;71379;160223;81478;239187;60222;240072;78056;98656;85834;65781;306930;122303;92080;169657;77744;221654;59464;678215;76852;61627;58004;54374;77813;66475;81868;177041;84636;223233;70483;84917;216143;72726;73172;64417;62421;58503;82470;191775;97853;205659;60501;207221;63750;62908;74261;60107;76067;70299;78804;87380;79556;88178;63379;92286;75227;72399;72057;60237;94588;79221;97549;80096;104258;96214;85928;123830;80388;91213;82450;68900;103742;89785;95266;131904;105383;189709;258227;129677;147494;124450;109973;102278;117602;99157;141460;121813;104822;91680;97232;112506;126998;100117;114541;149196;104973;83658;121422;103587;117093;100043;93503;192220;98609;96645;91392;66710;103751;88676;102538;104194;95905;99411;85556;108724;248247;100066;98709;69897;150476;125844;161120;105027;129596;98712;87901;124987;204146;123879;106216;81154;133171;90361;100946;99656;87931;72726;49062;19734120
21 Maranhão;310879;307723;323510;792038;426475;1186363;317631;1914098;428570;297938;329895;260539;305450;301518;370336;842869;479992;1393569;335277;1318356;378048;353249;388203;361688;282501;267395;278360;699394;336966;1158946;278213;1099971;296729;297381;317488;277423;304998;278220;287043;754721;353242;1177584;323059;1147303;335882;319441;332445;264429;534600;340751;304990;768378;322213;1128580;314328;4128356;570992;304484;320993;250724;356011;340315;387006;839518;377566;1152284;363775;377890;1090199;356680;369029;327182;303349;281176;349391;755256;751223;1003083;287702;1014739;294632;306594;375187;312191;342914;350826;360341;377548;415773;442618;379975;513417;419649;392038;302853;329693;482675;429070;475266;452884;496056;499786;422564;610286;448504;445844;413935;343218;476266;445958;469704;604032;584263;1082550;1232961;730240;746639;500856;468890;439896;510186;457697;632016;507907;455877;417491;455194;462796;601790;489306;615047;810413;485882;426661;606134;501552;531070;456358;454281;837277;472983;428666;417768;293319;462948;398169;438369;457442;454789;412055;374822;425801;889263;379541;398707;250759;566006;490277;636246;438554;505976;408545;432211;472017;955536;473476;437146;282043;515526;371781;444825;436318;370699;267237;69585;91029043
22 Piauí;176734;146846;187526;435677;150033;508409;132804;900875;141552;128860;168287;122727;140386;129510;162179;423743;163769;505600;130603;506701;132624;141779;150439;130382;112345;99521;120897;356464;134167;451706;111087;441448;107071;112247;138354;119888;130954;118010;143460;406568;170796;471643;136371;454412;125451;144503;138119;120382;242915;153958;132154;374631;114494;415988;110717;1237769;170501;107247;136194;111202;138923;117211;144037;394176;139729;447407;131717;154308;408962;130876;135496;106073;109500;94189;115882;338943;115615;382797;104241;392786;105686;106597;128687;110248;159985;133528;145625;145662;144035;149370;143990;189048;146319;137148;148584;119834;181922;161731;180695;169893;208873;192659;170572;203892;172401;170401;162791;147471;185097;184007;194978;205129;309519;490629;402303;283252;255313;212932;197410;155843;209041;176618;245221;195386;166576;151786;173099;169838;206700;173639;247052;208037;168930;140394;202974;173352;341708;194300;169500;241378;160800;157187;159654;113789;192987;158059;185280;225647;262667;188389;161623;181420;403162;144051;160849;109721;213912;187447;231999;173850;189818;168926;167356;204510;369107;206734;188149;132723;242744;166847;178169;185896;165298;136543;75148;36114596
23 Ceará;347581;313157;348994;977054;357609;1294695;338116;2162319;393469;307887;369046;295731;332744;301009;352422;975030;365334;1351208;329256;1590984;541894;491966;458204;363147;280099;266835;343834;961240;333790;1050054;269963;1201523;247819;255980;288254;244373;295779;316530;313328;958913;309403;1176929;296439;1168879;295160;315738;286615;237179;279979;250593;242645;927227;262971;1094560;289237;3916163;424054;229042;249164;219478;331948;300584;355351;1015765;332662;1142759;338453;347578;1155989;345233;346566;280567;267545;232663;286147;933218;262360;991398;253948;1025388;441188;335397;394033;306390;332372;321342;331526;352199;399395;465670;404435;473032;344338;353447;415548;317964;460179;387691;434774;561921;538473;545696;449630;524911;399747;422051;454385;346326;510875;437265;460255;581015;757953;1245269;1293978;727958;632942;543436;514963;439194;562075;688761;645033;624288;516462;519825;679924;634715;774294;596080;879374;677160;648008;567805;2321039;3874223;1515091;1028130;839013;940160;753428;575564;585666;490749;711497;645920;691354;671546;657619;658010;628761;661116;1245259;630978;635783;534498;722671;606078;788601;664204;747173;654260;667771;827706;1163480;735071;704657;546254;676447;430676;473800;570173;503666;431993;169028;107656827
24 Rio Grande do Norte;116238;96582;132684;363127;111444;419751;120695;801534;108377;111436;112709;102310;119575;101520;119635;348183;121112;403450;119020;456446;116697;118588;119474;98405;85442;75623;87779;310118;104114;378013;93789;382725;87351;85029;84249;67448;88371;77969;88762;335881;106779;367613;90542;381490;93509;97744;91037;78231;105946;91932;89295;329855;104996;361694;92169;1807631;86999;85706;89965;79800;113565;105716;121012;377379;126548;402759;133868;127564;394737;125432;129362;110265;90195;82132;110164;350204;112881;364114;127474;424523;119685;112730;125557;122478;115975;120352;118801;127008;133988;143718;138180;179164;146565;135050;130980;116141;158844;144678;172235;160469;177958;177579;179291;227867;163111;164502;151378;126826;175787;158603;180885;210297;245506;454547;490695;290966;262945;197414;178404;161393;189005;175713;238511;193225;162062;161782;187462;186998;213787;201157;246024;314811;177767;161040;207931;180871;199703;161154;178799;321254;190092;175590;163654;135641;184505;160924;181680;177884;181023;170632;185368;183243;338037;158005;164657;129834;156718;144089;178307;143549;156508;138455;169854;180940;357151;166791;164364;139639;174715;130775;159876;172342;148005;125364;46738;32927039
25 Paraíba;158796;139477;169752;494393;170743;518187;152464;936347;149342;136689;140353;116363;146893;128917;138525;467665;167104;518353;148564;593369;151151;163336;155899;140899;109074;101977;117811;401983;141015;484156;135535;494810;123530;124606;133838;117276;132245;118774;140695;441169;138280;502192;143006;586778;189343;178087;148518;120158;150260;114621;120420;457632;132306;482241;128276;1055138;177688;188614;187754;513457;151771;138089;331604;594774;205837;510592;183426;170343;538778;176253;173488;148732;122126;110631;160277;493969;148452;446032;144577;464736;103990;177925;297657;185057;137672;153170;151506;146333;162041;174167;160260;206162;158916;159828;163183;135675;184780;181983;196699;181853;192460;192610;195425;208260;172391;188138;172717;164730;214100;195338;199629;222911;377496;570805;482454;330027;336141;223614;216424;190218;222346;220626;281511;213521;196410;176418;210061;211097;260282;214573;290239;348103;215313;192833;231342;194230;203735;170500;216487;331747;210497;212370;210657;169975;240476;208151;220129;221336;217900;196018;229890;228794;433290;191881;207399;163997;277510;243154;281868;234064;232425;203993;225914;255724;484342;237600;227830;169883;253503;196256;262085;254473;220203;185572;101499;41828108
26 Pernambuco;370105;347355;386654;1061515;393324;1346481;382981;2541213;412141;348304;426611;342711;347050;347492;368726;1061126;434054;1443517;395427;1495407;388267;431184;427666;366937;352272;287894;304877;988444;314839;1192756;288990;1203078;295703;283716;284906;264868;733118;315128;315701;992704;321628;1239945;321260;1348792;355937;298607;293620;267476;315964;295005;285585;988174;281811;1188596;304445;3994470;311583;284733;288847;255652;362185;341290;385935;1183813;394653;1223477;406874;407216;1223064;380615;451255;349767;289917;265304;321492;1074849;335432;1103817;327749;1125346;286317;318258;379455;376601;364084;404118;351205;401524;408944;512142;455643;532473;396728;395828;400925;382710;472342;494159;486729;495583;478456;544469;513615;633814;512522;473585;480703;442496;498112;516712;544758;578784;855574;1467431;1306890;794055;793775;536783;495301;592474;581319;565125;1099178;626155;611626;539507;599504;615913;704354;634061;793582;651162;588024;545105;693897;596321;879264;574314;602322;1061820;652231;613355;584172;498254;660583;572819;604957;624442;622539;599394;668173;667831;1146074;625922;604565;483544;722779;647044;695349;556691;624958;560685;598915;637915;1090727;646199;602427;509062;640731;506268;543537;587548;564256;501527;295615;106181140
27 Alagoas;145064;148438;145351;363913;156565;787336;180513;892738;161493;149010;172305;182115;149895;137377;171065;399207;162217;518028;164380;529593;155401;168184;174498;144808;127378;106553;110846;303365;106933;442407;115352;468725;102527;107106;109699;93172;123097;107748;122085;322092;123997;449448;126141;448497;107728;118903;104970;27764;122322;107600;109644;311714;104264;417826;90409;1252552;272104;107734;103223;88529;145902;130816;150708;367133;162793;477648;162259;160937;492838;146743;148027;125819;117479;97894;119914;315424;122534;382464;130348;453807;111353;123561;143366;125821;145600;139002;133112;136593;141693;162595;131142;162691;133986;130543;129318;111852;190595;170347;189072;174349;185066;187375;185649;247457;191774;187810;173884;136568;204949;180998;196437;247415;328256;430245;460967;317375;269359;215998;200819;160577;225169;202267;278939;213354;203756;177974;219936;204001;274445;210512;272193;322251;218545;171277;240465;211909;235932;179339;233135;327291;2421521;211278;190128;148271;230294;175027;203186;205781;197887;189331;219881;219263;437421;190373;218555;150672;256045;206710;272810;200554;233523;187190;229925;271587;445684;264529;249634;182665;259933;195420;245025;249499;253728;188566;132262;40587852
28 Sergipe;84015;91210;88839;225218;98414;306273;86676;459112;255314;96928;85510;73906;74831;71747;80729;215161;87811;290850;75016;295109;82783;85117;89504;78675;60686;60271;65336;196029;66749;275553;63149;275010;99064;118382;109861;92413;81112;73228;72773;214152;74373;285984;72956;289566;76624;71726;68055;63558;80380;70184;67263;202086;66214;276580;73825;954000;71955;67233;69733;59319;75497;78971;88669;229971;87090;294170;92999;95014;294237;88982;92430;83034;61364;63402;81410;232711;87347;274088;77905;285670;80433;83185;72640;77618;87854;86468;83571;97751;101468;111205;99983;121934;103404;101438;96634;91720;115989;117231;113442;113326;120092;120984;119188;135566;115110;114855;110393;75720;132253;121265;129154;141121;161247;349625;297976;211269;202805;149226;134726;124774;141127;116044;166624;122197;133188;125227;130642;134878;164329;139323;173405;211886;133977;120655;152303;130128;143817;117986;137146;211219;138866;127477;124184;101001;131563;115331;135585;129479;126028;108269;138979;139202;262612;117555;134227;88546;152100;120291;167055;125898;144006;116923;131589;145606;324671;154964;140043;112912;163177;131382;134934;139635;113341;86035;41652;23924953
29 Bahia;537474;647801;543969;1689092;781967;2460520;571198;3722675;1179190;529444;625858;737088;525815;565479;593938;1541115;733756;2357164;688100;2384460;1110198;706872;651794;829266;466464;469605;458149;1477185;621859;2071307;528868;1984706;632872;489388;559396;773987;1155080;1234332;559854;1543494;637381;1981722;563816;1894546;630054;520748;522896;555223;748521;744376;469846;1498203;536484;1888523;509206;6660916;718245;523190;471113;1007920;526808;576644;575625;1756208;660041;1927523;671073;663338;1907226;577010;607098;565776;431720;580544;592354;1914759;813429;1818283;628459;2021335;578586;553539;556932;577105;563224;621598;522007;641718;708980;746097;729272;864849;718965;750430;648829;602894;725313;714818;761904;762185;818303;840629;783833;894565;840950;745962;701465;620732;724936;746048;826698;930796;1160335;1793806;2237483;1299549;1501190;934400;848737;890670;934266;861622;1102784;1021294;960757;795361;867434;934179;1059477;949419;1150305;1266303;805004;760628;942876;843448;921732;741673;812027;1465251;896846;813849;753054;596475;851016;787112;748117;733781;770402;661789;757417;767778;1610396;780926;661115;539317;1001143;1024562;1068053;1295028;1106031;851042;804984;837751;1552074;816125;752981;553282;783418;545138;556132;566522;507601;397428;121870;165195688
31 Minas Gerais;768896;670123;843948;2530758;938870;2816708;744670;4892033;865623;680464;776357;657570;767761;719630;780597;2350005;990977;2746726;722003;2694631;718814;753037;758535;675889;636999;552768;660706;2225209;827247;2475715;607391;2340601;630546;1397150;927691;599657;710946;602518;709073;2518176;1059543;2526281;703976;2427147;667323;701858;641845;525032;1883132;886075;671144;2410374;761395;2317221;597810;8078823;1312741;672926;662150;3344906;724615;693900;813990;2756641;914751;2469313;778141;757028;2282066;717618;1133931;692555;693606;657648;866520;2794367;1036498;2344979;820838;2269125;710513;720655;738599;666419;762032;763794;854134;1032324;1066514;1115593;884124;973893;770141;813541;835616;718327;1029360;905783;1017763;919441;1345775;1274908;1088549;1361494;926400;958568;905706;807563;1061726;1008843;1080603;1641711;1549714;3109049;2760307;1874427;1645207;1132184;1015686;866055;1157043;1034700;1469256;1201696;1163179;1048543;1182297;1147136;1519535;1149052;1452397;1695611;1145860;955864;1413405;1096620;1526498;1178398;1175874;1748882;1127392;1023618;1023021;877272;1167578;1053527;1133631;1232040;1274540;1158006;1110900;1211464;2874616;1076043;1061410;913096;3091784;2366166;2485216;1366020;1451556;1156646;1023792;1129263;2042065;1082722;995279;836649;1947339;1288415;1258498;1285833;1233634;1018657;712958;226622383
32 Espírito Santo;134898;134182;206722;489108;206370;563006;159732;851797;201084;136778;165236;118548;129614;125825;131730;389209;185332;497519;139349;489083;134764;132993;140179;127298;100954;91021;113347;362049;131296;432138;116014;463903;114822;115143;110093;100817;143257;122053;122411;386544;148096;460052;178373;462707;148710;144469;131858;102547;194801;124255;118820;398326;137485;451737;124486;1586615;126317;111919;107011;96475;140265;122150;148907;443867;160692;456547;158101;141500;432328;131838;138644;122615;106104;99377;170247;439545;166822;416408;135686;403693;127735;144336;134783;134416;140854;129287;138264;146075;176964;183380;168914;181023;157890;143259;140086;136821;187824;164070;189377;170417;230332;249066;218372;248820;176882;188372;187452;154226;217138;181998;188534;261737;265999;462464;656437;282829;340287;223112;211333;183127;239652;204896;278257;238330;229005;209202;256817;244506;303403;236661;264734;375677;223245;184264;270213;204101;260299;223989;244610;308212;236595;214243;187702;164438;237000;206227;233297;243287;239454;247046;250616;281458;474467;220063;234277;199223;683380;774846;1450644;384044;372367;270912;264707;303116;439343;267989;252023;495148;262474;196895;249842;246952;270626;211142;181915;43578736
33 Rio de Janeiro;564581;485043;580549;1883714;574028;2104926;595502;2838339;749799;542774;531357;538324;555337;517244;570200;1893888;666897;2105393;597400;2097321;581939;556037;536087;531790;490437;416580;493275;1776992;527735;1737272;514695;1720339;469177;509333;501477;517384;522814;458111;488674;1847912;2292899;2157171;511004;1734002;473734;453667;417648;410837;722718;489038;452538;1833345;468172;1683337;436938;5464403;2305833;1189775;765362;506256;560369;524365;574607;2154466;621608;1831495;587857;599809;1805016;491847;563717;506546;452446;396021;472446;1947458;452673;1523650;452264;1582008;481307;567160;569562;533850;619477;575243;572153;583744;639334;676479;678226;714801;596251;560680;567265;558891;766913;670291;759501;698969;757313;881812;789872;917056;667002;752339;674975;646667;824203;732930;791728;840100;1711936;1867238;2679211;1215077;1194250;820728;765341;862103;883816;832414;1072464;883582;888376;810272;943966;1000974;1153273;1017133;1066331;1513056;849650;801339;1021282;889034;957981;893255;1036349;1572508;907195;870938;843991;755605;1032444;834209;1037238;1024585;958784;1038361;1070149;1092228;1897051;963860;944295;840874;1214477;1292380;3609895;1996953;1694965;1363677;1433189;1301816;1711763;1167004;1028364;962028;2825954;1004621;1013584;1058708;1058934;1019667;316790;175115630
35 São Paulo;1586745;1569334;1626689;4726345;2110802;5455116;1725706;7715377;4051771;1500246;1526087;1399594;1629018;1453023;1625748;4420673;2252018;5469937;1665371;5267340;1499136;1484535;1540545;1366410;1308976;1110223;1377064;4201632;2019520;4909514;1448624;4788022;1240196;1273219;1234744;1119557;1442595;1297354;1430034;4565793;2120308;5095886;1391169;4814802;1336843;1412821;1346221;1133153;2503923;1708831;1451486;4765701;1827212;5486196;1752540;17949413;1569997;1327473;1262275;1185319;1785876;1577503;2113484;6211208;2580600;5523152;1836582;1761829;5003498;1586800;1621673;1444944;1550321;1381597;1818434;5532617;2007380;4835276;1626144;4828180;1581467;1553765;1772546;1543774;1811493;1755580;1768870;2051747;2714831;3068991;2233442;2218467;1772434;1685078;1712319;1548486;2241158;2057401;2241993;2109744;3114646;2939846;2618866;2953085;2116840;2285857;2141548;1834395;2583287;2969544;2387419;3146547;3142505;5746791;7700344;4122297;4947539;3134136;2458119;2236059;2747553;2463576;3311945;3009596;3086134;2487708;2798058;2902370;3284333;2910013;2928198;4252971;2607178;2284889;2895808;2601041;3077828;2638258;2692710;3556181;2657372;2596365;2463324;2117937;2876141;2292034;2499553;2440275;2562304;2076194;2578368;2738111;5870810;2431549;2489785;2165501;2831175;2297184;3757073;2578949;2953378;2527113;2567536;2580114;4290870;2369034;2111484;2011454;2922591;1827163;2052061;1815012;1974862;1590184;1215581;469191345
41 Paraná;355955;327889;402869;1274266;424330;1393528;361999;2470455;447643;384173;488673;372582;407926;393278;483647;1401605;586726;1458305;407178;1387645;375560;394179;427671;378059;322622;302194;342504;1117658;434907;1249086;353136;1219057;308008;326419;311730;277452;337567;318509;356234;1145104;441435;1265082;322862;1231763;341008;352560;341985;299706;914969;492755;673512;1536054;459226;1227098;318905;4486097;384651;323354;313719;284441;422441;384317;440990;1455137;496462;1308071;409467;397677;1286334;417362;424599;364865;348092;340596;435238;1474609;541910;1246010;415133;1207714;352343;363959;403895;363184;433299;435436;461650;542124;584602;552076;481204;542936;482578;442794;438050;372618;525479;496823;540575;504721;663762;769682;776797;905821;553345;567159;514907;425230;658155;566059;591547;801100;939432;1546535;1709068;1052444;1097902;674549;609692;521497;673688;586987;812719;727976;663912;609677;686092;640134;1020476;707934;868623;962144;681103;607143;767016;693128;862745;685323;694188;957188;570540;585947;582439;501284;701676;600309;617682;691348;663001;643967;611075;649823;1311962;600164;623087;496877;811157;649774;836957;609420;710391;614727;649381;744851;1131409;658190;672951;520943;840996;625597;658287;642501;681743;609841;538650;119188706
42 Santa Catarina;189101;214648;189366;675201;215984;759409;194801;1105077;488992;201870;200801;157916;216482;194744;200443;611405;245731;761909;221874;754858;194320;204510;209607;166828;166862;147914;173736;584461;229945;672462;173291;667292;161381;175988;172240;137129;192996;164021;184198;618325;254122;650046;175685;669640;196618;210489;189154;131978;282486;208273;193962;667083;293621;678426;218024;2609902;183927;170674;170762;144051;261566;222484;257270;811519;351521;728227;242877;233327;691750;222571;235299;179140;214055;177885;291572;817637;278970;706691;232010;682898;204716;205828;254809;196936;281731;254987;257754;299887;385011;362655;303430;336733;283991;268015;271347;202316;337713;318601;328534;298388;515281;559701;438535;464062;304878;323876;314814;224947;396189;335411;343419;511896;465177;905308;1219596;703732;567970;375017;341877;250372;423444;375255;506229;475019;495580;392089;592221;564982;646795;460128;501500;598445;456458;428022;511948;423195;655482;459074;466585;607307;425250;372115;367582;268403;433610;353924;386167;640956;598006;454399;407443;385246;852016;354941;388680;278233;469180;327774;434456;387116;454461;446651;392509;408653;722230;404754;387690;286100;499003;365258;370338;439236;481161;376413;246038;69457500
43 Rio Grande do Sul;377400;367432;404439;1363391;548213;1373045;369609;2493810;449891;354615;361397;339801;369867;345349;379473;1290891;469425;1315405;351840;1233572;348696;356763;379821;358152;310600;290495;317602;1196990;449946;1153494;287908;1093255;275413;275146;272902;254850;281129;273937;298192;1226292;417693;1112801;311124;1212127;374868;402808;392342;296310;412679;338631;298224;1268011;395764;1119244;294184;2455944;1274657;540508;343534;917295;985725;648143;525957;2435573;1577359;1395242;407499;346059;1062883;339338;341701;336484;271015;258689;308719;1371720;332200;1015727;305134;1009148;282288;310131;342119;351874;356969;363906;371554;382832;444672;638554;557882;492630;366646;362806;352006;315632;436475;413324;457179;426219;851219;819922;604384;704924;411404;452191;430939;389303;506200;472935;504830;659172;1201057;1639294;1711131;747853;705040;513060;443892;384773;608232;507108;751166;630790;552076;480128;569130;555732;713916;543538;635283;919610;513973;450863;657022;542702;526389;497437;568277;959220;518781;511279;491194;425715;540218;465512;516034;529245;534872;528054;495735;553489;1445117;513664;547757;454170;649913;495099;755686;529065;596374;535896;553695;673096;1012332;589221;575488;484478;685141;501209;560035;578435;498928;406844;220870;108047965
50 Mato Grosso do Sul;104172;115402;126981;297287;124010;415383;106988;605924;155159;91257;66038;88688;111558;110119;103621;246745;128556;376087;106000;366583;101497;104990;112342;101616;89480;83006;96218;238899;119285;358740;99535;332757;96644;92775;99964;90198;92064;93457;102976;266295;149201;388193;128570;350619;122575;131736;125051;89908;718125;253716;140579;298052;160103;375737;106923;851361;432341;101989;96712;74086;130264;104438;128777;326282;182379;388830;128169;118532;346183;110161;116449;89277;100242;83234;120143;319574;147591;339706;110114;334063;101361;106499;118289;96288;137292;122861;126537;135232;157199;156938;142648;172728;149903;130018;133412;100973;166852;144221;168084;148734;204897;193981;188784;214247;162284;158025;153917;119269;191408;157255;168354;231113;236963;384086;474417;242884;249356;177445;175406;139269;246899;208632;292155;275814;248756;243929;257013;259441;277954;237910;298229;316771;254922;205407;261738;212604;265414;194351;207168;353103;212061;190935;183094;135587;234579;198316;204540;201537;233671;214602;188788;202500;411422;183357;192525;140042;265461;255796;261292;200785;232942;195349;196946;220229;328654;181869;188942;149894;242427;176847;185685;177011;181768;163305;161879;34791557
51 Mato Grosso;134532;136958;128276;313632;192683;570660;155522;679401;333691;132660;147222;129260;114201;130153;137868;292296;184063;564660;195850;466689;278911;165426;159662;149201;100360;123593;115040;277984;165861;464538;127843;405792;165777;113243;110087;81041;94933;118938;111729;278001;144239;444004;156961;412347;178430;120657;128054;122250;245769;336598;253032;341017;180770;451155;178667;1917717;220199;140363;117132;112904;135451;144154;148086;345777;181479;426899;191299;150497;409913;161523;139031;134885;90730;109941;109971;332406;157787;415139;147365;406574;147602;122556;128609;128808;119432;133336;136401;153236;172595;170721;170931;177376;179533;147713;145149;131045;163012;194068;179803;182376;192260;205527;208854;192044;208099;173909;169138;153515;175182;194315;203055;210343;331917;433609;552969;333775;323369;236922;220227;201465;203628;221281;278878;275364;276087;245700;253412;249589;286934;247596;279742;348612;217817;207508;259398;241099;270566;244461;254987;363031;229842;228110;228658;173758;267142;233430;255692;249270;258400;249935;250322;247503;506234;227041;225402;182378;311853;270197;326879;260677;298378;252942;240859;311047;391993;250244;236740;197095;278181;204242;222718;227343;209860;148839;82397;41255496
52 Goiás;228049;232258;225139;658100;282126;882555;335329;1258210;369643;252877;239038;214569;223506;229184;235156;627227;324097;857234;256588;834042;315300;249491;253053;221913;200871;195624;185704;580908;263134;791601;224177;762312;251030;212829;198805;196790;215768;255976;241782;650744;365313;902312;306250;810213;350786;8659178;276941;432940;2537221;675273;273777;653758;272122;856423;293709;1594276;842252;340664;320188;420456;262569;247015;271490;765627;304922;791765;288658;267058;753887;249233;251630;220063;223051;205622;243781;710761;270431;742506;272260;761153;231719;235511;276681;254168;304291;276826;267753;279454;310837;332621;281547;389017;312937;292975;278702;242646;345278;328944;352599;309909;397220;404351;379808;525090;323944;334678;321026;265645;404016;368655;386503;500386;617362;1073223;966866;536574;504982;382179;370101;309604;446497;370032;514219;424258;397595;322698;410392;411053;470782;404880;539585;587595;395434;331117;505303;345756;421290;425849;392361;746818;404000;369418;353422;283242;399420;376684;393949;392897;389526;396539;324145;374730;909524;350814;355616;284077;537785;448619;531556;392700;435906;382077;395942;485806;870481;444252;420221;346648;435235;275883;362227;351657;302185;243701;268545;82949844
53 Distrito Federal;110932;96130;136065;245077;110428;349464;105384;639396;121908;105990;102968;107294;106158;99007;112948;230162;123917;336149;105410;340537;108130;102200;99952;98375;90909;72423;104954;217951;120656;312845;101067;319445;87253;90350;85447;82887;103815;92367;101433;230117;119414;378309;112520;332290;125206;130337;109634;204343;1517543;134347;110817;267754;121542;325433;113787;1200574;130875;107954;97071;92967;131930;107075;142246;314409;156915;340998;135868;124563;333812;117351;115602;116678;108194;92680;129028;290773;135655;332252;122086;328128;128229;113382;112268;130133;134085;118957;115800;121743;161966;128591;133692;155643;48900;132309;119304;121640;165182;150314;170554;155644;219595;183774;178329;204542;82803;171689;147448;142637;200707;176506;186750;246652;267024;307290;629809;377361;260296;187449;170902;154125;194941;179923;252496;206212;231855;183857;227336;207824;217756;195600;182411;251472;181754;187001;206024;188157;212324;195265;160679;244387;50097;35223;38262;28701;287177;325549;302216;354246;353043;308409;287898;280062;516452;244924;223116;383711;257990;200971;262327;186095;216281;167128;178254;176850;320182;187069;163792;156011;224360;136786;170920;166787;149145;7582;5313;34291087
00 Ignorado/exterior;-;-;-;-;-;-;-;-;-;-;-;-;-;-;-;-;-;-;-;-;-;-;-;-;-;-;-;-;-;-;-;-;-;-;-;-;-;-;-;-;-;-;-;-;-;-;-;-;-;-;-;-;-;-;-;-;-;-;-;-;-;-;-;-;-;-;-;-;-;-;-;-;-;-;-;-;-;-;-;-;-;-;-;-;-;-;-;-;-;-;-;-;-;-;-;-;-;-;-;-;-;-;-;-;-;-;-;-;-;-;-;-;-;-;-;-;-;-;-;-;-;-;-;-;-;-;-;-;-;-;-;-;-;-;-;-;-;-;-;-;-;-;-;-;-;-;-;-;-;-;-;-;-;-;-;-;-;-;-;-;-;-;-;-;-;-;-;-;-;-;-;-;-;-;-;-
11 Total;7540784;7324899;7968609;22670626;9326109;28824854;7901356;44611688;12452142;7239849;7881560;7077500;7530250;7144431;7964241;21745837;9976530;28751671;8051697;28503567;8663425;8011809;8128578;7492769;6405864;5751641;6588479;19988373;8327066;25035883;6682396;24417380;6709239;7139997;6806957;6187238;7908995;7126854;6961850;21313136;10697372;26009784;7157287;24984455;7400836;15635971;6879107;6148908;16113501;8820692;7293145;21984034;7930745;25128609;7183561;78493152;15036277;7628990;6924795;10422006;8602074;7767752;9048224;26706479;11119216;26045789;8605787;8387282;24807284;7810574;8438381;7090767;6620511;6279019;7939332;24135594;9151477;23146137;7467106;23544588;7236260;7258223;8087526;7293206;8118379;8080515;8115056;9094299;10498390;11377795;9615815;10734797;8657697;8421674;8309705;7437264;10417784;9697798;10567711;10097249;12936391;13058530;11643311;13863267;10059349;10341207;9815350;8449974;11517720;11273486;11249940;14157074;17228916;28167205;31957269;18275011;18552320;12634089;11209271;10332700;12674497;11746488;15753557;13408519;12923186;11150535;12792335;12930354;15507763;12872967;15031711;18528049;12100794;10833193;15820573;15373424;15335089;12428693;12585895;19190769;14321724;11342189;10945197;9052402;13104438;11227637;12166911;12619360;12743047;11643539;11957308;12774091;26308746;11396376;11516147;9619957;16696158;14333062;20828691;14035442;14809239;12339507;12424816;13485956;22137224;12562312;11651018;9975377;16269107;10293527;11439912;11504700;11029778;9021759;5717857;2274845154
 Fonte: Programa Nacional de Imunizações;;;;;;;;;;;;;;;;;;;;;;;;;;;;;;;;;;;;;;;;;;;;;;;;;;;;;;;;;;;;;;;;;;;;;;;;;;;;;;;;;;;;;;;;;;;;;;;;;;;;;;;;;;;;;;;;;;;;;;;;;;;;;;;;;;;;;;;;;;;;;;;;;;;;;;;;;;;;;;;;;;;;;;;;;;;;;;;;
 Notas:;;;;;;;;;;;;;;;;;;;;;;;;;;;;;;;;;;;;;;;;;;;;;;;;;;;;;;;;;;;;;;;;;;;;;;;;;;;;;;;;;;;;;;;;;;;;;;;;;;;;;;;;;;;;;;;;;;;;;;;;;;;;;;;;;;;;;;;;;;;;;;;;;;;;;;;;;;;;;;;;;;;;;;;;;;;;;;;;
 ;;;;;;;;;;;;;;;;;;;;;;;;;;;;;;;;;;;;;;;;;;;;;;;;;;;;;;;;;;;;;;;;;;;;;;;;;;;;;;;;;;;;;;;;;;;;;;;;;;;;;;;;;;;;;;;;;;;;;;;;;;;;;;;;;;;;;;;;;;;;;;;;;;;;;;;;;;;;;;;;;;;;;;;;;;;;;;;;
 ;;;;;;;;;;;;;;;;;;;;;;;;;;;;;;;;;;;;;;;;;;;;;;;;;;;;;;;;;;;;;;;;;;;;;;;;;;;;;;;;;;;;;;;;;;;;;;;;;;;;;;;;;;;;;;;;;;;;;;;;;;;;;;;;;;;;;;;;;;;;;;;;;;;;;;;;;;;;;;;;;;;;;;;;;;;;;;;;
Data de atualização dos dados: 16/08/2018;;;;;;;;;;;;;;;;;;;;;;;;;;;;;;;;;;;;;;;;;;;;;;;;;;;;;;;;;;;;;;;;;;;;;;;;;;;;;;;;;;;;;;;;;;;;;;;;;;;;;;;;;;;;;;;;;;;;;;;;;;;;;;;;;;;;;;;;;;;;;;;;;;;;;;;;;;;;;;;;;;;;;;;;;;;;;;;;
 ;;;;;;;;;;;;;;;;;;;;;;;;;;;;;;;;;;;;;;;;;;;;;;;;;;;;;;;;;;;;;;;;;;;;;;;;;;;;;;;;;;;;;;;;;;;;;;;;;;;;;;;;;;;;;;;;;;;;;;;;;;;;;;;;;;;;;;;;;;;;;;;;;;;;;;;;;;;;;;;;;;;;;;;;;;;;;;;;
 ;;;;;;;;;;;;;;;;;;;;;;;;;;;;;;;;;;;;;;;;;;;;;;;;;;;;;;;;;;;;;;;;;;;;;;;;;;;;;;;;;;;;;;;;;;;;;;;;;;;;;;;;;;;;;;;;;;;;;;;;;;;;;;;;;;;;;;;;;;;;;;;;;;;;;;;;;;;;;;;;;;;;;;;;;;;;;;;;
Os dados apresentados em 2013 se referem à soma dos seguintes dados:;;;;;;;;;;;;;;;;;;;;;;;;;;;;;;;;;;;;;;;;;;;;;;;;;;;;;;;;;;;;;;;;;;;;;;;;;;;;;;;;;;;;;;;;;;;;;;;;;;;;;;;;;;;;;;;;;;;;;;;;;;;;;;;;;;;;;;;;;;;;;;;;;;;;;;;;;;;;;;;;;;;;;;;;;;;;;;;;
;;;;;;;;;;;;;;;;;;;;;;;;;;;;;;;;;;;;;;;;;;;;;;;;;;;;;;;;;;;;;;;;;;;;;;;;;;;;;;;;;;;;;;;;;;;;;;;;;;;;;;;;;;;;;;;;;;;;;;;;;;;;;;;;;;;;;;;;;;;;;;;;;;;;;;;;;;;;;;;;;;;;;;;;;;;;;;;;
Até Junho de 2013: dados do API DOS;;;;;;;;;;;;;;;;;;;;;;;;;;;;;;;;;;;;;;;;;;;;;;;;;;;;;;;;;;;;;;;;;;;;;;;;;;;;;;;;;;;;;;;;;;;;;;;;;;;;;;;;;;;;;;;;;;;;;;;;;;;;;;;;;;;;;;;;;;;;;;;;;;;;;;;;;;;;;;;;;;;;;;;;;;;;;;;;
A partir de Julho de 2013: APIWEB + SIPNI Web  (exceção UFs: AC, CE, DF , GO , MS, MT, PA, PR, RJ, SE, MA e TO por digitação duplicada);;;;;;;;;;;;;;;;;;;;;;;;;;;;;;;;;;;;;;;;;;;;;;;;;;;;;;;;;;;;;;;;;;;;;;;;;;;;;;;;;;;;;;;;;;;;;;;;;;;;;;;;;;;;;;;;;;;;;;;;;;;;;;;;;;;;;;;;;;;;;;;;;;;;;;;;;;;;;;;;;;;;;;;;;;;;;;;;
Base de dados do ano de 2013 foi encerrada em 23/03/2015.;;;;;;;;;;;;;;;;;;;;;;;;;;;;;;;;;;;;;;;;;;;;;;;;;;;;;;;;;;;;;;;;;;;;;;;;;;;;;;;;;;;;;;;;;;;;;;;;;;;;;;;;;;;;;;;;;;;;;;;;;;;;;;;;;;;;;;;;;;;;;;;;;;;;;;;;;;;;;;;;;;;;;;;;;;;;;;;;
Doses aplicadas durante o MRC (pneumo 10 e meningo C) e Multivacinação;;;;;;;;;;;;;;;;;;;;;;;;;;;;;;;;;;;;;;;;;;;;;;;;;;;;;;;;;;;;;;;;;;;;;;;;;;;;;;;;;;;;;;;;;;;;;;;;;;;;;;;;;;;;;;;;;;;;;;;;;;;;;;;;;;;;;;;;;;;;;;;;;;;;;;;;;;;;;;;;;;;;;;;;;;;;;;;;
;;;;;;;;;;;;;;;;;;;;;;;;;;;;;;;;;;;;;;;;;;;;;;;;;;;;;;;;;;;;;;;;;;;;;;;;;;;;;;;;;;;;;;;;;;;;;;;;;;;;;;;;;;;;;;;;;;;;;;;;;;;;;;;;;;;;;;;;;;;;;;;;;;;;;;;;;;;;;;;;;;;;;;;;;;;;;;;;
 ;;;;;;;;;;;;;;;;;;;;;;;;;;;;;;;;;;;;;;;;;;;;;;;;;;;;;;;;;;;;;;;;;;;;;;;;;;;;;;;;;;;;;;;;;;;;;;;;;;;;;;;;;;;;;;;;;;;;;;;;;;;;;;;;;;;;;;;;;;;;;;;;;;;;;;;;;;;;;;;;;;;;;;;;;;;;;;;;
2014:00:00;;;;;;;;;;;;;;;;;;;;;;;;;;;;;;;;;;;;;;;;;;;;;;;;;;;;;;;;;;;;;;;;;;;;;;;;;;;;;;;;;;;;;;;;;;;;;;;;;;;;;;;;;;;;;;;;;;;;;;;;;;;;;;;;;;;;;;;;;;;;;;;;;;;;;;;;;;;;;;;;;;;;;;;;;;;;;;;;
;;;;;;;;;;;;;;;;;;;;;;;;;;;;;;;;;;;;;;;;;;;;;;;;;;;;;;;;;;;;;;;;;;;;;;;;;;;;;;;;;;;;;;;;;;;;;;;;;;;;;;;;;;;;;;;;;;;;;;;;;;;;;;;;;;;;;;;;;;;;;;;;;;;;;;;;;;;;;;;;;;;;;;;;;;;;;;;;
Dados do ano de 2014 são parciais. Referem-se ao recebimento das informações do APIWEB + SIPNI até a data de 23/03/2015.;;;;;;;;;;;;;;;;;;;;;;;;;;;;;;;;;;;;;;;;;;;;;;;;;;;;;;;;;;;;;;;;;;;;;;;;;;;;;;;;;;;;;;;;;;;;;;;;;;;;;;;;;;;;;;;;;;;;;;;;;;;;;;;;;;;;;;;;;;;;;;;;;;;;;;;;;;;;;;;;;;;;;;;;;;;;;;;;
