﻿Imunobiologicos,Total por imunologico
BCG - Hanseníase (BCG),0
BCG (BCG),269963
Cólera,0
dT/dTpa Gestante,0
dTpa,0
Dupla Adulto (dT),1810720
Dupla Infantil (DT),32
Dupla Viral (homens campanha) (SR),22864118
Dupla Viral (homens) (SR),241072
Dupla Viral (mulheres idade fértil campanha) (SR),24933902
Dupla Viral (mulheres idade fértil) (SR),320506
Dupla Viral (rotina) (SR),37617
Esq.Seq. VIP/VOP,0
Febre Amarela (FA),662948
Febre Tifóide (FT),1217
Haemophilus influenzae tipo b (Hib),6767
Hepatite A (HA),14202
"HEPATITE A, B RECOMBINANTE",0
Hepatite B (HB),1552120
Hepatite B não soroconversão,90
Hexavalente (HX),776
HPV,0
HPV Quadrivalente - Feminino,0
HPV Quadrivalente - Masculino,0
Imunoglobulina humana anti-Hepatite B (IGHAHB),1038
Imunoglobulina humana anti-Rábica (IGHR),577
Imunoglobulina humana anti-Tetânica (IGHAT),580
Imunoglobulina humana anti-Varicela Zóster (IGHVZ),309
Influenza (Campanha) (INF),0
Influenza (Gestantes) (INF),364
Influenza (INF),114246
Influenza A - H1N1,0
Influenza A - H1N1 (gestantes),0
Meningocócica ACYW1325,0
Meningocócica Conjugada - C (MncC),46169
Meningococo A/C (MnAC),16670
Meningococo B/C (MnBC),110
Oral de Rotavírus Humano (VORH),458645
Oral Poliomielite (VOP),1397231
Oral Poliomielite 1ª etapa campanha  (VOP),425
Oral Poliomielite 2ª etapa campanha  (VOP),15207512
Penta inativada (DTPa/Hib/Vip),0
Pentavalente (DTP+HB+Hib) (PENTA),2104
Pneumocócica 10valente,0
Pneumocócica 13 valente,0
Pneumocócica Conjugada 7 Valente (Pnc7),23242
Pneumocócica Polissacarídica 23 Valente (Pn23),17647
Poliomielite inativada (VIP),7522
Quadrupla viral,0
Raiva - Cultivo Celular/Diplóide (RC),6
Raiva - Cultivo Celular/Embrionário (RG),4
Raiva - Cultivo Celular/Vero (RV),103446
Raiva Humana,0
Rotavírus pentavalente,0
Rubéola,0
Sarampo,0
Soro anti-Aracnídico (AC),431
Soro anti-Botrópico (BO),4055
Soro anti-Botrópico-Crotálico (BC),416
Soro anti-Botrópico-Laquético (BL),512
Soro anti-Botulínico (BTU),4
Soro anti-Crotálico (CR),401
Soro anti-Diftérico (SAD),69
Soro anti-Elapídico (LP),100
Soro anti-Escorpiônico (ES),1246
Soro anti-Laquético,0
Soro anti-Latrodectus (LT),0
Soro anti-Lonomia (LN),1
Soro anti-Loxocélico (LX),12
Soro anti-Rábico (RB),4296
Soro anti-Tetânico (SAT),3408
Tetravalente (DTP/Hib) (TETRA),778920
"Tetraviral (sarampo, rubéola, caxumbae varicela)",0
Toxóide Tetânico,0
Tríplice Acelular (DTPa),8829
Tríplice Bacteriana (DTP),589497
Tríplice Viral (campanha) (SCR),0
Tríplice Viral (homens campanha) (SCR),2928304
Tríplice Viral (homens) (SCR),117181
Tríplice Viral (implantação) (SRC),0
Tríplice Viral (mulheres idade fértil camp) (SCR),3186910
Tríplice Viral (mulheres idade fértil) (SCR),170733
Tríplice Viral (SCR),556608
Tríplice Viral (seguimento) (SRC),0
Varicela,27322
